{"cameraMode":{"drawMode":0,"name":"Shaded","section":"Shading Mode"},"sceneLighting":true,"audioPlay":false,"sceneViewState":{"showFog":false,"showMaterialUpdate":false,"showSkybox":false,"showFlares":false,"showImageEffects":false,"showParticleSystems":false},"in2DMode":false,"pivot":{"x":0.6369209885597229,"y":1.935907006263733,"z":2.720374584197998},"rotation":{"x":0.21758835017681123,"y":-0.4733457565307617,"z":0.12245713919401169,"w":0.8449419140815735},"size":7.571146488189697,"orthographic":false}