{"cameraMode":{"drawMode":0,"name":"Shaded","section":"Shading Mode"},"sceneLighting":true,"audioPlay":false,"sceneViewState":{"showFog":false,"showMaterialUpdate":false,"showSkybox":false,"showFlares":false,"showImageEffects":false,"showParticleSystems":false},"in2DMode":false,"pivot":{"x":0.45208740234375,"y":-5.249920845031738,"z":10.727558135986329},"rotation":{"x":-0.29476484656333926,"y":-0.3515799045562744,"z":0.11742664128541947,"w":-0.8809766173362732},"size":18.29937171936035,"orthographic":false}