{"cameraMode":{"drawMode":0,"name":"Shaded","section":"Shading Mode"},"sceneLighting":true,"audioPlay":false,"sceneViewState":{"showFog":false,"showMaterialUpdate":false,"showSkybox":false,"showFlares":false,"showImageEffects":false,"showParticleSystems":false},"in2DMode":false,"pivot":{"x":34.65639114379883,"y":-22.48149299621582,"z":96.0069351196289},"rotation":{"x":-0.26983213424682619,"y":0.4255438446998596,"z":-0.13812632858753205,"w":-0.85322505235672},"size":127.96002960205078,"orthographic":false}