{"cameraMode":{"drawMode":0,"name":"Shaded","section":"Shading Mode"},"sceneLighting":true,"audioPlay":false,"sceneViewState":{"showFog":false,"showMaterialUpdate":false,"showSkybox":false,"showFlares":false,"showImageEffects":false,"showParticleSystems":false},"in2DMode":false,"pivot":{"x":0.2769818902015686,"y":-0.5835487842559815,"z":-2.395514965057373},"rotation":{"x":0.014589173719286919,"y":0.9720422029495239,"z":-0.2258640080690384,"w":0.06277114152908325},"size":7.291646957397461,"orthographic":false}