{"cameraMode":{"drawMode":0,"name":"Shaded","section":"Shading Mode"},"sceneLighting":false,"audioPlay":false,"sceneViewState":{"showFog":false,"showMaterialUpdate":false,"showSkybox":false,"showFlares":false,"showImageEffects":false,"showParticleSystems":false},"in2DMode":false,"pivot":{"x":1.9041450023651124,"y":-0.7813527584075928,"z":-25.57201385498047},"rotation":{"x":0.0018876970279961825,"y":-0.9865138530731201,"z":0.16313475370407105,"w":0.02763359434902668},"size":3.637871503829956,"orthographic":false}