{"cameraMode":{"drawMode":0,"name":"Shaded","section":"Shading Mode"},"sceneLighting":true,"audioPlay":false,"sceneViewState":{"showFog":false,"showMaterialUpdate":false,"showSkybox":false,"showFlares":false,"showImageEffects":false,"showParticleSystems":false},"in2DMode":false,"pivot":{"x":-1.0213141441345215,"y":0.7912596464157105,"z":2.4683852195739748},"rotation":{"x":0.31785956025123598,"y":-0.14224235713481904,"z":0.0483788438141346,"w":0.9362366795539856},"size":6.195212364196777,"orthographic":false}