{"cameraMode":{"drawMode":0,"name":"Shaded","section":"Shading Mode"},"sceneLighting":false,"audioPlay":false,"sceneViewState":{"showFog":false,"showMaterialUpdate":false,"showSkybox":false,"showFlares":false,"showImageEffects":false,"showParticleSystems":false},"in2DMode":false,"pivot":{"x":-1.0069025754928589,"y":-0.01683518849313259,"z":1.2440574169158936},"rotation":{"x":0.23176662623882295,"y":-0.5493134260177612,"z":0.16229453682899476,"w":0.7864726781845093},"size":6.633125305175781,"orthographic":false}