{"cameraMode":{"drawMode":0,"name":"Shaded","section":"Shading Mode"},"sceneLighting":true,"audioPlay":false,"sceneViewState":{"showFog":false,"showMaterialUpdate":false,"showSkybox":false,"showFlares":false,"showImageEffects":false,"showParticleSystems":false},"in2DMode":false,"pivot":{"x":-8.807095527648926,"y":-2.747849464416504,"z":-8.691426277160645},"rotation":{"x":-0.1362752765417099,"y":0.6610240340232849,"z":-0.12773668766021729,"w":-0.7271575331687927},"size":21.91098976135254,"orthographic":false}