{"cameraMode":{"drawMode":0,"name":"Shaded","section":"Shading Mode"},"sceneLighting":false,"audioPlay":false,"sceneViewState":{"showFog":false,"showMaterialUpdate":false,"showSkybox":false,"showFlares":false,"showImageEffects":false,"showParticleSystems":false},"in2DMode":false,"pivot":{"x":-0.28350722789764407,"y":0.686334490776062,"z":-0.2088603973388672},"rotation":{"x":-0.04084794223308563,"y":-0.9574862122535706,"z":0.15028461813926698,"w":-0.24403883516788484},"size":1.8353626728057862,"orthographic":false}