{"cameraMode":{"drawMode":0,"name":"Shaded","section":"Shading Mode"},"sceneLighting":false,"audioPlay":false,"sceneViewState":{"showFog":false,"showMaterialUpdate":false,"showSkybox":false,"showFlares":false,"showImageEffects":false,"showParticleSystems":false},"in2DMode":false,"pivot":{"x":3.4467625617980959,"y":2.029369354248047,"z":1.1432541608810425},"rotation":{"x":0.15051467716693879,"y":-0.7865723967552185,"z":0.21180397272109986,"w":0.5604711771011353},"size":4.767665386199951,"orthographic":false}