{"cameraMode":{"drawMode":0,"name":"Shaded","section":"Shading Mode"},"sceneLighting":false,"audioPlay":false,"sceneViewState":{"showFog":false,"showMaterialUpdate":false,"showSkybox":false,"showFlares":false,"showImageEffects":false,"showParticleSystems":false},"in2DMode":false,"pivot":{"x":0.002165079116821289,"y":0.11085803061723709,"z":-0.0027316808700561525},"rotation":{"x":0.031775183975696567,"y":-0.9581306576728821,"z":0.1280977725982666,"w":0.2552375793457031},"size":2.1318559646606447,"orthographic":false}